Date,Account,StockTicker,CUSIP,SecurityName,Shares,Price,MarketValue,Weightings,NetAssets,SharesOutstanding,CreationUnits,MoneyMarketFlag
10/09/2026,WAGN,AMR,020764106,Alpha Metallurgical Resources Inc,64541.00000000,174.280000,11248205.48,3.94%,285218704.18,19180814,1918.080000000000,
10/09/2026,WAGN,CAD,CASHCAD,CANADIAN DOLLAR,-3222.13000000,1.000000,-2265.99,0.00%,285218704.18,19180814,1918.080000000000,
10/09/2026,WAGN,CSU CN,B15C4L6,Constellation Software Inc/Canada,5735.00000000,2912.000000,11744660.50,4.12%,285218704.18,19180814,1918.080000000000,
10/09/2026,WAGN,DAC,Y1968P121,Danaos Corp,84911.00000000,170.220000,14453550.42,5.07%,285218704.18,19180814,1918.080000000000,
10/09/2026,WAGN,EDEL IN,B291KM9,Edelweiss Financial Services Ltd,14572000.00000000,127.710000,19227835.77,6.74%,285218704.18,19180814,1918.080000000000,
10/09/2026,WAGN,FXFXX,31846V328,First American Treasury Obligations Fund 01/01/2040,264545.35000000,100.000000,264545.35,0.09%,285218704.18,19180814,1918.080000000000,Y
10/09/2026,WAGN,GMTAS TI,BMQ89N7,Gimat Magazacilik Sanayi Ve Ticaret AS,16569895.87879500,46.120000,15528648.17,5.44%,285218704.18,19180814,1918.080000000000,
10/09/2026,WAGN,HCC,93627C101,Warrior Met Coal Inc,254389.00000000,89.800000,22844132.20,8.01%,285218704.18,19180814,1918.080000000000,
10/09/2026,WAGN,INR,CASHINR,INDIAN RUPEE,125079033.20000000,1.000000,1292322.34,0.45%,285218704.18,19180814,1918.080000000000,
10/09/2026,WAGN,KSPI,48581R205,Kaspi.KZ JSC,140578.00000000,92.830000,13049855.74,4.58%,285218704.18,19180814,1918.080000000000,
10/09/2026,WAGN,LMN CN,BNKCF01,Lumine Group Inc,746611.00000000,21.500000,11288819.23,3.96%,285218704.18,19180814,1918.080000000000,
10/09/2026,WAGN,NE,G65431127,Noble Corp PLC,319529.00000000,42.150000,13468147.35,4.72%,285218704.18,19180814,1918.080000000000,
10/09/2026,WAGN,NOK,CASHNOK,NORWEGIAN KRONE,-288528.49000000,1.000000,-30184.44,-0.01%,285218704.18,19180814,1918.080000000000,
10/09/2026,WAGN,NUVAMA IN,BP955R2,Nuvama Wealth Management Ltd,520520.00000000,1737.400000,9343800.88,3.28%,285218704.18,19180814,1918.080000000000,
10/09/2026,WAGN,ODL NO,BDX87W2,Odfjell Drilling Ltd,1254374.00000000,98.400000,12912683.18,4.53%,285218704.18,19180814,1918.080000000000,
10/09/2026,WAGN,OTL NO,BJLL3Y9,Odfjell Technology Ltd,49358.00000000,59.900000,309299.15,0.11%,285218704.18,19180814,1918.080000000000,
10/09/2026,WAGN,PLN,CASHPLN,POLISH ZLOTY,-100593.46000000,1.000000,-25765.45,-0.01%,285218704.18,19180814,1918.080000000000,
10/09/2026,WAGN,RIG,H8817H100,Transocean Ltd,4128872.00000000,5.540000,22873950.88,8.02%,285218704.18,19180814,1918.080000000000,
10/09/2026,WAGN,RYGYO TI,B3VKHD1,Reysas Gayrimenkul Yatirim Ortakligi AS,43856465.00000000,45.860000,40868833.83,14.33%,285218704.18,19180814,1918.080000000000,
10/09/2026,WAGN,RYSAS TI,B0YBSZ9,Reysas Tasimacilik ve Lojistik Ticaret AS,19461689.00000000,23.920000,9459458.49,3.32%,285218704.18,19180814,1918.080000000000,
10/09/2026,WAGN,SGN PW,5096747,Sygnity SA,210041.00000000,83.100000,4470674.43,1.57%,285218704.18,19180814,1918.080000000000,
10/09/2026,WAGN,TABGD TI,BLC8HQ3,TAB Gida Sanayi Ve Ticaret AS,2368623.00000000,224.000000,10781235.50,3.78%,285218704.18,19180814,1918.080000000000,
10/09/2026,WAGN,TAVHL TI,B1RMFT9,TAV Havalimanlari Holding AS,2978173.00000000,275.750000,16687451.46,5.85%,285218704.18,19180814,1918.080000000000,
10/09/2026,WAGN,TOI CN,BNGJNT1,Topicus.com Inc,171736.00000000,86.490000,10445829.07,3.66%,285218704.18,19180814,1918.080000000000,
10/09/2026,WAGN,TRY,CASHTRY,TURKISH LIRA,-58300.32000000,1.000000,-1184.66,0.00%,285218704.18,19180814,1918.080000000000,
10/09/2026,WAGN,VAL,G9460G101,Valaris Ltd,165637.00000000,83.960000,13906882.52,4.88%,285218704.18,19180814,1918.080000000000,
10/09/2026,WAGN,Cash&Other,Cash&Other,Cash & Other,-1213913.24000000,1.000000,-1213913.24,-0.43%,285218704.18,19180814,1918.080000000000,Y
